{
  "test/changes_loader-dbg.js": 1644517761781,
  "i18n/i18n.properties": 1648147727047,
  "utils/locate-reuse-libs.js": 1644517761761,
  "manifest.json": 1648146825526,
  "ext/controller/AnalyticalListPageExt.controller.js": 1648150334484,
  "ext/controller/AnalyticalListPageExt-dbg.controller.js": 1644517616000,
  "changes/changes-bundle.json": 1644517616000,
  "test/changes_preview.js": 1644517761781,
  "test/changes_loader.js": 1644517761781,
  "localService/mockserver.js": 1644517761781,
  "Component.js": 1644517616000,
  "manifest-bundle.zip": 1648150910463,
  "Component-preload.js": 1648150910877,
  "utils/locate-reuse-libs-dbg.js": 1644517761761,
  "ext/controller/AnalyticalListPageExt-dbg-dbg.controller.js": 1644517616000,
  "test/changes_preview-dbg.js": 1644517761781,
  "i18n/AnalyticalListPage/Z_C_TIMESHEETANALYSIS/i18n.properties": 1644517616000,
  "localService/mockserver-dbg.js": 1644517761781,
  "Component-dbg.js": 1644517616000,
  "test/flpSandboxMockServer.html": 1644517761781,
  "test/flpSandbox.html": 1644517761769,
  "css/style.css": 1644517616000,
  "css/style-dbg.css": 1644517616000,
  "annotations/annotations.xml": 1644517616000,
  "index.html": 1644517761761,
  "fioriHtmlRunner.html": 1644517616000,
  "extended_runnable_file.html": 1644517616000
}